-- switch matrix multiplexer  N1BEG0 		MUX-4
N1BEG0_input 	 , J_l_CD_END1 , JW2END3 , J2MID_CDb_END3 , LC_O 
N1BEG0	, N1BEG0_input,TO_INTEGER,UNSIGNED,ConfigBits,1,0
--
-- switch matrix multiplexer  N1BEG1 		MUX-4
N1BEG1_input 	 , J_l_EF_END2 , JW2END0 , J2MID_EFb_END0 , LD_O 
N1BEG1	, N1BEG1_input,TO_INTEGER,UNSIGNED,ConfigBits,3,2
--
-- switch matrix multiplexer  N1BEG2 		MUX-4
N1BEG2_input 	 , J_l_GH_END3 , JW2END1 , J2MID_GHb_END1 , LE_O 
N1BEG2	, N1BEG2_input,TO_INTEGER,UNSIGNED,ConfigBits,5,4
--
-- switch matrix multiplexer  N1BEG3 		MUX-4
N1BEG3_input 	 , J_l_AB_END0 , JW2END2 , J2MID_ABb_END2 , LF_O 
N1BEG3	, N1BEG3_input,TO_INTEGER,UNSIGNED,ConfigBits,7,6
--
-- switch matrix multiplexer  N4BEG0 		MUX-4
N4BEG0_input 	 , LE_O , E6END1 , N4END1 , N2END2 
N4BEG0	, N4BEG0_input,TO_INTEGER,UNSIGNED,ConfigBits,9,8
--
-- switch matrix multiplexer  N4BEG1 		MUX-4
N4BEG1_input 	 , LF_O , E6END0 , N4END2 , N2END3 
N4BEG1	, N4BEG1_input,TO_INTEGER,UNSIGNED,ConfigBits,11,10
--
-- switch matrix multiplexer  N4BEG2 		MUX-4
N4BEG2_input 	 , LG_O , W6END1 , N4END3 , N2END0 
N4BEG2	, N4BEG2_input,TO_INTEGER,UNSIGNED,ConfigBits,13,12
--
-- switch matrix multiplexer  N4BEG3 		MUX-4
N4BEG3_input 	 , LH_O , W6END0 , N4END0 , N2END1 
N4BEG3	, N4BEG3_input,TO_INTEGER,UNSIGNED,ConfigBits,15,14
--
-- switch matrix multiplexer  E1BEG0 		MUX-4
E1BEG0_input 	 , J_l_CD_END1 , JN2END3 , J2MID_CDb_END3 , LD_O 
E1BEG0	, E1BEG0_input,TO_INTEGER,UNSIGNED,ConfigBits,17,16
--
-- switch matrix multiplexer  E1BEG1 		MUX-4
E1BEG1_input 	 , J_l_EF_END2 , JN2END0 , J2MID_EFb_END0 , LE_O 
E1BEG1	, E1BEG1_input,TO_INTEGER,UNSIGNED,ConfigBits,19,18
--
-- switch matrix multiplexer  E1BEG2 		MUX-4
E1BEG2_input 	 , J_l_GH_END3 , JN2END1 , J2MID_GHb_END1 , LF_O 
E1BEG2	, E1BEG2_input,TO_INTEGER,UNSIGNED,ConfigBits,21,20
--
-- switch matrix multiplexer  E1BEG3 		MUX-4
E1BEG3_input 	 , J_l_AB_END0 , JN2END2 , J2MID_ABb_END2 , LG_O 
E1BEG3	, E1BEG3_input,TO_INTEGER,UNSIGNED,ConfigBits,23,22
--
-- switch matrix multiplexer  S1BEG0 		MUX-4
S1BEG0_input 	 , J_l_CD_END1 , JE2END3 , J2MID_CDb_END3 , LE_O 
S1BEG0	, S1BEG0_input,TO_INTEGER,UNSIGNED,ConfigBits,33,32
--
-- switch matrix multiplexer  S1BEG1 		MUX-4
S1BEG1_input 	 , J_l_EF_END2 , JE2END0 , J2MID_EFb_END0 , LF_O 
S1BEG1	, S1BEG1_input,TO_INTEGER,UNSIGNED,ConfigBits,35,34
--
-- switch matrix multiplexer  S1BEG2 		MUX-4
S1BEG2_input 	 , J_l_GH_END3 , JE2END1 , J2MID_GHb_END1 , LG_O 
S1BEG2	, S1BEG2_input,TO_INTEGER,UNSIGNED,ConfigBits,37,36
--
-- switch matrix multiplexer  S1BEG3 		MUX-4
S1BEG3_input 	 , J_l_AB_END0 , JE2END2 , J2MID_ABb_END2 , LH_O 
S1BEG3	, S1BEG3_input,TO_INTEGER,UNSIGNED,ConfigBits,39,38
--
-- switch matrix multiplexer  S4BEG0 		MUX-4
S4BEG0_input 	 , LA_O , S4END1 , S2END2 , E6END1 
S4BEG0	, S4BEG0_input,TO_INTEGER,UNSIGNED,ConfigBits,41,40
--
-- switch matrix multiplexer  S4BEG1 		MUX-4
S4BEG1_input 	 , LB_O , S4END2 , S2END3 , E6END0 
S4BEG1	, S4BEG1_input,TO_INTEGER,UNSIGNED,ConfigBits,43,42
--
-- switch matrix multiplexer  S4BEG2 		MUX-4
S4BEG2_input 	 , LC_O , W6END1 , S4END3 , S2END0 
S4BEG2	, S4BEG2_input,TO_INTEGER,UNSIGNED,ConfigBits,45,44
--
-- switch matrix multiplexer  S4BEG3 		MUX-4
S4BEG3_input 	 , LD_O , W6END0 , S4END0 , S2END1 
S4BEG3	, S4BEG3_input,TO_INTEGER,UNSIGNED,ConfigBits,47,46
--
-- switch matrix multiplexer  W1BEG0 		MUX-4
W1BEG0_input 	 , J_l_CD_END1 , JS2END3 , J2MID_CDb_END3 , LF_O 
W1BEG0	, W1BEG0_input,TO_INTEGER,UNSIGNED,ConfigBits,49,48
--
-- switch matrix multiplexer  W1BEG1 		MUX-4
W1BEG1_input 	 , J_l_EF_END2 , JS2END0 , J2MID_EFb_END0 , LG_O 
W1BEG1	, W1BEG1_input,TO_INTEGER,UNSIGNED,ConfigBits,51,50
--
-- switch matrix multiplexer  W1BEG2 		MUX-4
W1BEG2_input 	 , J_l_GH_END3 , JS2END1 , J2MID_GHb_END1 , LH_O 
W1BEG2	, W1BEG2_input,TO_INTEGER,UNSIGNED,ConfigBits,53,52
--
-- switch matrix multiplexer  W1BEG3 		MUX-4
W1BEG3_input 	 , J_l_AB_END0 , JS2END2 , J2MID_ABb_END2 , LA_O 
W1BEG3	, W1BEG3_input,TO_INTEGER,UNSIGNED,ConfigBits,55,54
--
-- switch matrix multiplexer  LA_I0 		MUX-4
LA_I0_input 	 , J_l_AB_END0 , J2END_AB_END0 , J2MID_ABb_END0 , J2MID_ABa_END0 
LA_I0	, LA_I0_input,TO_INTEGER,UNSIGNED,ConfigBits,65,64
--
-- switch matrix multiplexer  LA_I1 		MUX-4
LA_I1_input 	 , J_l_AB_END1 , J2END_AB_END1 , J2MID_ABb_END1 , J2MID_ABa_END1 
LA_I1	, LA_I1_input,TO_INTEGER,UNSIGNED,ConfigBits,67,66
--
-- switch matrix multiplexer  LA_I2 		MUX-4
LA_I2_input 	 , J_l_AB_END2 , J2END_AB_END2 , J2MID_ABb_END2 , J2MID_ABa_END2 
LA_I2	, LA_I2_input,TO_INTEGER,UNSIGNED,ConfigBits,69,68
--
-- switch matrix multiplexer  LA_I3 		MUX-4
LA_I3_input 	 , J_l_AB_END3 , J2END_AB_END3 , J2MID_ABb_END3 , J2MID_ABa_END3 
LA_I3	, LA_I3_input,TO_INTEGER,UNSIGNED,ConfigBits,71,70
--
-- switch matrix multiplexer  LB_I0 		MUX-4
LB_I0_input 	 , J_l_AB_END0 , J2END_AB_END0 , J2MID_ABb_END0 , J2MID_ABa_END0 
LB_I0	, LB_I0_input,TO_INTEGER,UNSIGNED,ConfigBits,73,72
--
-- switch matrix multiplexer  LB_I1 		MUX-4
LB_I1_input 	 , J_l_AB_END1 , J2END_AB_END1 , J2MID_ABb_END1 , J2MID_ABa_END1 
LB_I1	, LB_I1_input,TO_INTEGER,UNSIGNED,ConfigBits,75,74
--
-- switch matrix multiplexer  LB_I2 		MUX-4
LB_I2_input 	 , J_l_AB_END2 , J2END_AB_END2 , J2MID_ABb_END2 , J2MID_ABa_END2 
LB_I2	, LB_I2_input,TO_INTEGER,UNSIGNED,ConfigBits,77,76
--
-- switch matrix multiplexer  LB_I3 		MUX-4
LB_I3_input 	 , J_l_AB_END3 , J2END_AB_END3 , J2MID_ABb_END3 , J2MID_ABa_END3 
LB_I3	, LB_I3_input,TO_INTEGER,UNSIGNED,ConfigBits,79,78
--
-- switch matrix multiplexer  LC_I0 		MUX-4
LC_I0_input 	 , J_l_CD_END0 , J2END_CD_END0 , J2MID_CDb_END0 , J2MID_CDa_END0 
LC_I0	, LC_I0_input,TO_INTEGER,UNSIGNED,ConfigBits,81,80
--
-- switch matrix multiplexer  LC_I1 		MUX-4
LC_I1_input 	 , J_l_CD_END1 , J2END_CD_END1 , J2MID_CDb_END1 , J2MID_CDa_END1 
LC_I1	, LC_I1_input,TO_INTEGER,UNSIGNED,ConfigBits,83,82
--
-- switch matrix multiplexer  LC_I2 		MUX-4
LC_I2_input 	 , J_l_CD_END2 , J2END_CD_END2 , J2MID_CDb_END2 , J2MID_CDa_END2 
LC_I2	, LC_I2_input,TO_INTEGER,UNSIGNED,ConfigBits,85,84
--
-- switch matrix multiplexer  LC_I3 		MUX-4
LC_I3_input 	 , J_l_CD_END3 , J2END_CD_END3 , J2MID_CDb_END3 , J2MID_CDa_END3 
LC_I3	, LC_I3_input,TO_INTEGER,UNSIGNED,ConfigBits,87,86
--
-- switch matrix multiplexer  LD_I0 		MUX-4
LD_I0_input 	 , J_l_CD_END0 , J2END_CD_END0 , J2MID_CDb_END0 , J2MID_CDa_END0 
LD_I0	, LD_I0_input,TO_INTEGER,UNSIGNED,ConfigBits,89,88
--
-- switch matrix multiplexer  LD_I1 		MUX-4
LD_I1_input 	 , J_l_CD_END1 , J2END_CD_END1 , J2MID_CDb_END1 , J2MID_CDa_END1 
LD_I1	, LD_I1_input,TO_INTEGER,UNSIGNED,ConfigBits,91,90
--
-- switch matrix multiplexer  LD_I2 		MUX-4
LD_I2_input 	 , J_l_CD_END2 , J2END_CD_END2 , J2MID_CDb_END2 , J2MID_CDa_END2 
LD_I2	, LD_I2_input,TO_INTEGER,UNSIGNED,ConfigBits,93,92
--
-- switch matrix multiplexer  LD_I3 		MUX-4
LD_I3_input 	 , J_l_CD_END3 , J2END_CD_END3 , J2MID_CDb_END3 , J2MID_CDa_END3 
LD_I3	, LD_I3_input,TO_INTEGER,UNSIGNED,ConfigBits,95,94
--
-- switch matrix multiplexer  LE_I0 		MUX-4
LE_I0_input 	 , J_l_EF_END0 , J2END_EF_END0 , J2MID_EFb_END0 , J2MID_EFa_END0 
LE_I0	, LE_I0_input,TO_INTEGER,UNSIGNED,ConfigBits,97,96
--
-- switch matrix multiplexer  LE_I1 		MUX-4
LE_I1_input 	 , J_l_EF_END1 , J2END_EF_END1 , J2MID_EFb_END1 , J2MID_EFa_END1 
LE_I1	, LE_I1_input,TO_INTEGER,UNSIGNED,ConfigBits,99,98
--
-- switch matrix multiplexer  LE_I2 		MUX-4
LE_I2_input 	 , J_l_EF_END2 , J2END_EF_END2 , J2MID_EFb_END2 , J2MID_EFa_END2 
LE_I2	, LE_I2_input,TO_INTEGER,UNSIGNED,ConfigBits,101,100
--
-- switch matrix multiplexer  LE_I3 		MUX-4
LE_I3_input 	 , J_l_EF_END3 , J2END_EF_END3 , J2MID_EFb_END3 , J2MID_EFa_END3 
LE_I3	, LE_I3_input,TO_INTEGER,UNSIGNED,ConfigBits,103,102
--
-- switch matrix multiplexer  LF_I0 		MUX-4
LF_I0_input 	 , J_l_EF_END0 , J2END_EF_END0 , J2MID_EFb_END0 , J2MID_EFa_END0 
LF_I0	, LF_I0_input,TO_INTEGER,UNSIGNED,ConfigBits,105,104
--
-- switch matrix multiplexer  LF_I1 		MUX-4
LF_I1_input 	 , J_l_EF_END1 , J2END_EF_END1 , J2MID_EFb_END1 , J2MID_EFa_END1 
LF_I1	, LF_I1_input,TO_INTEGER,UNSIGNED,ConfigBits,107,106
--
-- switch matrix multiplexer  LF_I2 		MUX-4
LF_I2_input 	 , J_l_EF_END2 , J2END_EF_END2 , J2MID_EFb_END2 , J2MID_EFa_END2 
LF_I2	, LF_I2_input,TO_INTEGER,UNSIGNED,ConfigBits,109,108
--
-- switch matrix multiplexer  LF_I3 		MUX-4
LF_I3_input 	 , J_l_EF_END3 , J2END_EF_END3 , J2MID_EFb_END3 , J2MID_EFa_END3 
LF_I3	, LF_I3_input,TO_INTEGER,UNSIGNED,ConfigBits,111,110
--
-- switch matrix multiplexer  LG_I0 		MUX-4
LG_I0_input 	 , J_l_GH_END0 , J2END_GH_END0 , J2MID_GHb_END0 , J2MID_GHa_END0 
LG_I0	, LG_I0_input,TO_INTEGER,UNSIGNED,ConfigBits,113,112
--
-- switch matrix multiplexer  LG_I1 		MUX-4
LG_I1_input 	 , J_l_GH_END1 , J2END_GH_END1 , J2MID_GHb_END1 , J2MID_GHa_END1 
LG_I1	, LG_I1_input,TO_INTEGER,UNSIGNED,ConfigBits,115,114
--
-- switch matrix multiplexer  LG_I2 		MUX-4
LG_I2_input 	 , J_l_GH_END2 , J2END_GH_END2 , J2MID_GHb_END2 , J2MID_GHa_END2 
LG_I2	, LG_I2_input,TO_INTEGER,UNSIGNED,ConfigBits,117,116
--
-- switch matrix multiplexer  LG_I3 		MUX-4
LG_I3_input 	 , J_l_GH_END3 , J2END_GH_END3 , J2MID_GHb_END3 , J2MID_GHa_END3 
LG_I3	, LG_I3_input,TO_INTEGER,UNSIGNED,ConfigBits,119,118
--
-- switch matrix multiplexer  LH_I0 		MUX-4
LH_I0_input 	 , J_l_GH_END0 , J2END_GH_END0 , J2MID_GHb_END0 , J2MID_GHa_END0 
LH_I0	, LH_I0_input,TO_INTEGER,UNSIGNED,ConfigBits,121,120
--
-- switch matrix multiplexer  LH_I1 		MUX-4
LH_I1_input 	 , J_l_GH_END1 , J2END_GH_END1 , J2MID_GHb_END1 , J2MID_GHa_END1 
LH_I1	, LH_I1_input,TO_INTEGER,UNSIGNED,ConfigBits,123,122
--
-- switch matrix multiplexer  LH_I2 		MUX-4
LH_I2_input 	 , J_l_GH_END2 , J2END_GH_END2 , J2MID_GHb_END2 , J2MID_GHa_END2 
LH_I2	, LH_I2_input,TO_INTEGER,UNSIGNED,ConfigBits,125,124
--
-- switch matrix multiplexer  LH_I3 		MUX-4
LH_I3_input 	 , J_l_GH_END3 , J2END_GH_END3 , J2MID_GHb_END3 , J2MID_GHa_END3 
LH_I3	, LH_I3_input,TO_INTEGER,UNSIGNED,ConfigBits,127,126
--
-- switch matrix multiplexer  S0 		MUX-4
S0_input 	 , JW2END4 , JS2END4 , JE2END4 , JN2END4 
S0	, S0_input,TO_INTEGER,UNSIGNED,ConfigBits,129,128
--
-- switch matrix multiplexer  S1 		MUX-4
S1_input 	 , JW2END5 , JS2END5 , JE2END5 , JN2END5 
S1	, S1_input,TO_INTEGER,UNSIGNED,ConfigBits,131,130
--
-- switch matrix multiplexer  S2 		MUX-4
S2_input 	 , JW2END6 , JS2END6 , JE2END6 , JN2END6 
S2	, S2_input,TO_INTEGER,UNSIGNED,ConfigBits,133,132
--
-- switch matrix multiplexer  S3 		MUX-4
S3_input 	 , JW2END7 , JS2END7 , JE2END7 , JN2END7 
S3	, S3_input,TO_INTEGER,UNSIGNED,ConfigBits,135,134
--
-- switch matrix multiplexer  J2MID_ABa_BEG0 		MUX-4
J2MID_ABa_BEG0_input 	 , JN2END3 , W2MID6 , S2MID6 , N2MID6 
J2MID_ABa_BEG0	, J2MID_ABa_BEG0_input,TO_INTEGER,UNSIGNED,ConfigBits,137,136
--
-- switch matrix multiplexer  J2MID_ABa_BEG1 		MUX-4
J2MID_ABa_BEG1_input 	 , JE2END3 , W2MID2 , S2MID2 , E2MID2 
J2MID_ABa_BEG1	, J2MID_ABa_BEG1_input,TO_INTEGER,UNSIGNED,ConfigBits,139,138
--
-- switch matrix multiplexer  J2MID_ABa_BEG2 		MUX-4
J2MID_ABa_BEG2_input 	 , JS2END3 , W2MID4 , E2MID4 , N2MID4 
J2MID_ABa_BEG2	, J2MID_ABa_BEG2_input,TO_INTEGER,UNSIGNED,ConfigBits,141,140
--
-- switch matrix multiplexer  J2MID_ABa_BEG3 		MUX-4
J2MID_ABa_BEG3_input 	 , JW2END3 , S2MID0 , E2MID0 , N2MID0 
J2MID_ABa_BEG3	, J2MID_ABa_BEG3_input,TO_INTEGER,UNSIGNED,ConfigBits,143,142
--
-- switch matrix multiplexer  J2MID_CDa_BEG0 		MUX-4
J2MID_CDa_BEG0_input 	 , JN2END4 , W2MID6 , S2MID6 , E2MID6 
J2MID_CDa_BEG0	, J2MID_CDa_BEG0_input,TO_INTEGER,UNSIGNED,ConfigBits,145,144
--
-- switch matrix multiplexer  J2MID_CDa_BEG1 		MUX-4
J2MID_CDa_BEG1_input 	 , JE2END4 , W2MID2 , E2MID2 , N2MID2 
J2MID_CDa_BEG1	, J2MID_CDa_BEG1_input,TO_INTEGER,UNSIGNED,ConfigBits,147,146
--
-- switch matrix multiplexer  J2MID_CDa_BEG2 		MUX-4
J2MID_CDa_BEG2_input 	 , JS2END4 , S2MID4 , E2MID4 , N2MID4 
J2MID_CDa_BEG2	, J2MID_CDa_BEG2_input,TO_INTEGER,UNSIGNED,ConfigBits,149,148
--
-- switch matrix multiplexer  J2MID_CDa_BEG3 		MUX-4
J2MID_CDa_BEG3_input 	 , JW2END4 , W2MID0 , S2MID0 , N2MID0 
J2MID_CDa_BEG3	, J2MID_CDa_BEG3_input,TO_INTEGER,UNSIGNED,ConfigBits,151,150
--
-- switch matrix multiplexer  J2MID_EFa_BEG0 		MUX-4
J2MID_EFa_BEG0_input 	 , JN2END5 , W2MID6 , E2MID6 , N2MID6 
J2MID_EFa_BEG0	, J2MID_EFa_BEG0_input,TO_INTEGER,UNSIGNED,ConfigBits,153,152
--
-- switch matrix multiplexer  J2MID_EFa_BEG1 		MUX-4
J2MID_EFa_BEG1_input 	 , JE2END5 , S2MID2 , E2MID2 , N2MID2 
J2MID_EFa_BEG1	, J2MID_EFa_BEG1_input,TO_INTEGER,UNSIGNED,ConfigBits,155,154
--
-- switch matrix multiplexer  J2MID_EFa_BEG2 		MUX-4
J2MID_EFa_BEG2_input 	 , JS2END5 , W2MID4 , S2MID4 , N2MID4 
J2MID_EFa_BEG2	, J2MID_EFa_BEG2_input,TO_INTEGER,UNSIGNED,ConfigBits,157,156
--
-- switch matrix multiplexer  J2MID_EFa_BEG3 		MUX-4
J2MID_EFa_BEG3_input 	 , JW2END5 , W2MID0 , S2MID0 , E2MID0 
J2MID_EFa_BEG3	, J2MID_EFa_BEG3_input,TO_INTEGER,UNSIGNED,ConfigBits,159,158
--
-- switch matrix multiplexer  J2MID_GHa_BEG0 		MUX-4
J2MID_GHa_BEG0_input 	 , JN2END6 , S2MID6 , E2MID6 , N2MID6 
J2MID_GHa_BEG0	, J2MID_GHa_BEG0_input,TO_INTEGER,UNSIGNED,ConfigBits,161,160
--
-- switch matrix multiplexer  J2MID_GHa_BEG1 		MUX-4
J2MID_GHa_BEG1_input 	 , JE2END6 , W2MID2 , S2MID2 , N2MID2 
J2MID_GHa_BEG1	, J2MID_GHa_BEG1_input,TO_INTEGER,UNSIGNED,ConfigBits,163,162
--
-- switch matrix multiplexer  J2MID_GHa_BEG2 		MUX-4
J2MID_GHa_BEG2_input 	 , JS2END6 , W2MID4 , S2MID4 , E2MID4 
J2MID_GHa_BEG2	, J2MID_GHa_BEG2_input,TO_INTEGER,UNSIGNED,ConfigBits,165,164
--
-- switch matrix multiplexer  J2MID_GHa_BEG3 		MUX-4
J2MID_GHa_BEG3_input 	 , JW2END6 , W2MID0 , E2MID0 , N2MID0 
J2MID_GHa_BEG3	, J2MID_GHa_BEG3_input,TO_INTEGER,UNSIGNED,ConfigBits,167,166
--
-- switch matrix multiplexer  J2MID_ABb_BEG0 		MUX-4
J2MID_ABb_BEG0_input 	 , W2MID7 , S2MID7 , E2MID7 , N2MID7 
J2MID_ABb_BEG0	, J2MID_ABb_BEG0_input,TO_INTEGER,UNSIGNED,ConfigBits,169,168
--
-- switch matrix multiplexer  J2MID_ABb_BEG1 		MUX-4
J2MID_ABb_BEG1_input 	 , W2MID3 , S2MID3 , E2MID3 , N2MID3 
J2MID_ABb_BEG1	, J2MID_ABb_BEG1_input,TO_INTEGER,UNSIGNED,ConfigBits,171,170
--
-- switch matrix multiplexer  J2MID_ABb_BEG2 		MUX-4
J2MID_ABb_BEG2_input 	 , W2MID5 , S2MID5 , E2MID5 , N2MID5 
J2MID_ABb_BEG2	, J2MID_ABb_BEG2_input,TO_INTEGER,UNSIGNED,ConfigBits,173,172
--
-- switch matrix multiplexer  J2MID_ABb_BEG3 		MUX-4
J2MID_ABb_BEG3_input 	 , W2MID1 , S2MID1 , E2MID1 , N2MID1 
J2MID_ABb_BEG3	, J2MID_ABb_BEG3_input,TO_INTEGER,UNSIGNED,ConfigBits,175,174
--
-- switch matrix multiplexer  J2MID_CDb_BEG0 		MUX-4
J2MID_CDb_BEG0_input 	 , W2MID7 , S2MID7 , E2MID7 , N2MID7 
J2MID_CDb_BEG0	, J2MID_CDb_BEG0_input,TO_INTEGER,UNSIGNED,ConfigBits,177,176
--
-- switch matrix multiplexer  J2MID_CDb_BEG1 		MUX-4
J2MID_CDb_BEG1_input 	 , W2MID3 , S2MID3 , E2MID3 , N2MID3 
J2MID_CDb_BEG1	, J2MID_CDb_BEG1_input,TO_INTEGER,UNSIGNED,ConfigBits,179,178
--
-- switch matrix multiplexer  J2MID_CDb_BEG2 		MUX-4
J2MID_CDb_BEG2_input 	 , W2MID5 , S2MID5 , E2MID5 , N2MID5 
J2MID_CDb_BEG2	, J2MID_CDb_BEG2_input,TO_INTEGER,UNSIGNED,ConfigBits,181,180
--
-- switch matrix multiplexer  J2MID_CDb_BEG3 		MUX-4
J2MID_CDb_BEG3_input 	 , W2MID1 , S2MID1 , E2MID1 , N2MID1 
J2MID_CDb_BEG3	, J2MID_CDb_BEG3_input,TO_INTEGER,UNSIGNED,ConfigBits,183,182
--
-- switch matrix multiplexer  J2MID_EFb_BEG0 		MUX-4
J2MID_EFb_BEG0_input 	 , W2MID7 , S2MID7 , E2MID7 , N2MID7 
J2MID_EFb_BEG0	, J2MID_EFb_BEG0_input,TO_INTEGER,UNSIGNED,ConfigBits,185,184
--
-- switch matrix multiplexer  J2MID_EFb_BEG1 		MUX-4
J2MID_EFb_BEG1_input 	 , W2MID3 , S2MID3 , E2MID3 , N2MID3 
J2MID_EFb_BEG1	, J2MID_EFb_BEG1_input,TO_INTEGER,UNSIGNED,ConfigBits,187,186
--
-- switch matrix multiplexer  J2MID_EFb_BEG2 		MUX-4
J2MID_EFb_BEG2_input 	 , W2MID5 , S2MID5 , E2MID5 , N2MID5 
J2MID_EFb_BEG2	, J2MID_EFb_BEG2_input,TO_INTEGER,UNSIGNED,ConfigBits,189,188
--
-- switch matrix multiplexer  J2MID_EFb_BEG3 		MUX-4
J2MID_EFb_BEG3_input 	 , W2MID1 , S2MID1 , E2MID1 , N2MID1 
J2MID_EFb_BEG3	, J2MID_EFb_BEG3_input,TO_INTEGER,UNSIGNED,ConfigBits,191,190
--
-- switch matrix multiplexer  J2MID_GHb_BEG0 		MUX-4
J2MID_GHb_BEG0_input 	 , W2MID7 , S2MID7 , E2MID7 , N2MID7 
J2MID_GHb_BEG0	, J2MID_GHb_BEG0_input,TO_INTEGER,UNSIGNED,ConfigBits,193,192
--
-- switch matrix multiplexer  J2MID_GHb_BEG1 		MUX-4
J2MID_GHb_BEG1_input 	 , W2MID3 , S2MID3 , E2MID3 , N2MID3 
J2MID_GHb_BEG1	, J2MID_GHb_BEG1_input,TO_INTEGER,UNSIGNED,ConfigBits,195,194
--
-- switch matrix multiplexer  J2MID_GHb_BEG2 		MUX-4
J2MID_GHb_BEG2_input 	 , W2MID5 , S2MID5 , E2MID5 , N2MID5 
J2MID_GHb_BEG2	, J2MID_GHb_BEG2_input,TO_INTEGER,UNSIGNED,ConfigBits,197,196
--
-- switch matrix multiplexer  J2MID_GHb_BEG3 		MUX-4
J2MID_GHb_BEG3_input 	 , W2MID1 , S2MID1 , E2MID1 , N2MID1 
J2MID_GHb_BEG3	, J2MID_GHb_BEG3_input,TO_INTEGER,UNSIGNED,ConfigBits,199,198
--
-- switch matrix multiplexer  J2END_AB_BEG0 		MUX-4
J2END_AB_BEG0_input 	 , W2END6 , S2END6 , E2END6 , N2END6 
J2END_AB_BEG0	, J2END_AB_BEG0_input,TO_INTEGER,UNSIGNED,ConfigBits,201,200
--
-- switch matrix multiplexer  J2END_AB_BEG1 		MUX-4
J2END_AB_BEG1_input 	 , W2END2 , S2END2 , E2END2 , N2END2 
J2END_AB_BEG1	, J2END_AB_BEG1_input,TO_INTEGER,UNSIGNED,ConfigBits,203,202
--
-- switch matrix multiplexer  J2END_AB_BEG2 		MUX-4
J2END_AB_BEG2_input 	 , W2END4 , S2END4 , E2END4 , N2END4 
J2END_AB_BEG2	, J2END_AB_BEG2_input,TO_INTEGER,UNSIGNED,ConfigBits,205,204
--
-- switch matrix multiplexer  J2END_AB_BEG3 		MUX-4
J2END_AB_BEG3_input 	 , W2END0 , S2END0 , E2END0 , N2END0 
J2END_AB_BEG3	, J2END_AB_BEG3_input,TO_INTEGER,UNSIGNED,ConfigBits,207,206
--
-- switch matrix multiplexer  J2END_CD_BEG0 		MUX-4
J2END_CD_BEG0_input 	 , W2END6 , S2END6 , E2END6 , N2END6 
J2END_CD_BEG0	, J2END_CD_BEG0_input,TO_INTEGER,UNSIGNED,ConfigBits,209,208
--
-- switch matrix multiplexer  J2END_CD_BEG1 		MUX-4
J2END_CD_BEG1_input 	 , W2END2 , S2END2 , E2END2 , N2END2 
J2END_CD_BEG1	, J2END_CD_BEG1_input,TO_INTEGER,UNSIGNED,ConfigBits,211,210
--
-- switch matrix multiplexer  J2END_CD_BEG2 		MUX-4
J2END_CD_BEG2_input 	 , W2END4 , S2END4 , E2END4 , N2END4 
J2END_CD_BEG2	, J2END_CD_BEG2_input,TO_INTEGER,UNSIGNED,ConfigBits,213,212
--
-- switch matrix multiplexer  J2END_CD_BEG3 		MUX-4
J2END_CD_BEG3_input 	 , W2END0 , S2END0 , E2END0 , N2END0 
J2END_CD_BEG3	, J2END_CD_BEG3_input,TO_INTEGER,UNSIGNED,ConfigBits,215,214
--
-- switch matrix multiplexer  J2END_EF_BEG0 		MUX-4
J2END_EF_BEG0_input 	 , W2END7 , S2END7 , E2END7 , N2END7 
J2END_EF_BEG0	, J2END_EF_BEG0_input,TO_INTEGER,UNSIGNED,ConfigBits,217,216
--
-- switch matrix multiplexer  J2END_EF_BEG1 		MUX-4
J2END_EF_BEG1_input 	 , W2END3 , S2END3 , E2END3 , N2END3 
J2END_EF_BEG1	, J2END_EF_BEG1_input,TO_INTEGER,UNSIGNED,ConfigBits,219,218
--
-- switch matrix multiplexer  J2END_EF_BEG2 		MUX-4
J2END_EF_BEG2_input 	 , W2END5 , S2END5 , E2END5 , N2END5 
J2END_EF_BEG2	, J2END_EF_BEG2_input,TO_INTEGER,UNSIGNED,ConfigBits,221,220
--
-- switch matrix multiplexer  J2END_EF_BEG3 		MUX-4
J2END_EF_BEG3_input 	 , W2END1 , S2END1 , E2END1 , N2END1 
J2END_EF_BEG3	, J2END_EF_BEG3_input,TO_INTEGER,UNSIGNED,ConfigBits,223,222
--
-- switch matrix multiplexer  J2END_GH_BEG0 		MUX-4
J2END_GH_BEG0_input 	 , W2END7 , S2END7 , E2END7 , N2END7 
J2END_GH_BEG0	, J2END_GH_BEG0_input,TO_INTEGER,UNSIGNED,ConfigBits,225,224
--
-- switch matrix multiplexer  J2END_GH_BEG1 		MUX-4
J2END_GH_BEG1_input 	 , W2END3 , S2END3 , E2END3 , N2END3 
J2END_GH_BEG1	, J2END_GH_BEG1_input,TO_INTEGER,UNSIGNED,ConfigBits,227,226
--
-- switch matrix multiplexer  J2END_GH_BEG2 		MUX-4
J2END_GH_BEG2_input 	 , W2END5 , S2END5 , E2END5 , N2END5 
J2END_GH_BEG2	, J2END_GH_BEG2_input,TO_INTEGER,UNSIGNED,ConfigBits,229,228
--
-- switch matrix multiplexer  J2END_GH_BEG3 		MUX-4
J2END_GH_BEG3_input 	 , W2END1 , S2END1 , E2END1 , N2END1 
J2END_GH_BEG3	, J2END_GH_BEG3_input,TO_INTEGER,UNSIGNED,ConfigBits,231,230
--
-- switch matrix multiplexer  J_l_AB_BEG0 		MUX-4
J_l_AB_BEG0_input 	 , JN2END1 , W2END3 , S4END3 , N4END3 
J_l_AB_BEG0	, J_l_AB_BEG0_input,TO_INTEGER,UNSIGNED,ConfigBits,361,360
--
-- switch matrix multiplexer  J_l_AB_BEG1 		MUX-4
J_l_AB_BEG1_input 	 , JE2END1 , W2END7 , S4END2 , E2END2 
J_l_AB_BEG1	, J_l_AB_BEG1_input,TO_INTEGER,UNSIGNED,ConfigBits,363,362
--
-- switch matrix multiplexer  J_l_AB_BEG2 		MUX-4
J_l_AB_BEG2_input 	 , JS2END1 , W6END1 , E6END1 , N4END1 
J_l_AB_BEG2	, J_l_AB_BEG2_input,TO_INTEGER,UNSIGNED,ConfigBits,365,364
--
-- switch matrix multiplexer  J_l_AB_BEG3 		MUX-4
J_l_AB_BEG3_input 	 , JW2END1 , S4END0 , E6END0 , N4END0 
J_l_AB_BEG3	, J_l_AB_BEG3_input,TO_INTEGER,UNSIGNED,ConfigBits,367,366
--
-- switch matrix multiplexer  J_l_CD_BEG0 		MUX-4
J_l_CD_BEG0_input 	 , JN2END2 , W2END3 , S4END3 , E2END3 
J_l_CD_BEG0	, J_l_CD_BEG0_input,TO_INTEGER,UNSIGNED,ConfigBits,369,368
--
-- switch matrix multiplexer  J_l_CD_BEG1 		MUX-4
J_l_CD_BEG1_input 	 , JE2END2 , W2END7 , E2END2 , N4END2 
J_l_CD_BEG1	, J_l_CD_BEG1_input,TO_INTEGER,UNSIGNED,ConfigBits,371,370
--
-- switch matrix multiplexer  J_l_CD_BEG2 		MUX-4
J_l_CD_BEG2_input 	 , JS2END2 , S4END1 , E6END1 , N4END1 
J_l_CD_BEG2	, J_l_CD_BEG2_input,TO_INTEGER,UNSIGNED,ConfigBits,373,372
--
-- switch matrix multiplexer  J_l_CD_BEG3 		MUX-4
J_l_CD_BEG3_input 	 , JW2END2 , W6END0 , S4END0 , N4END0 
J_l_CD_BEG3	, J_l_CD_BEG3_input,TO_INTEGER,UNSIGNED,ConfigBits,375,374
--
-- switch matrix multiplexer  J_l_EF_BEG0 		MUX-4
J_l_EF_BEG0_input 	 , JN2END3 , W2END3 , E2END3 , N4END3 
J_l_EF_BEG0	, J_l_EF_BEG0_input,TO_INTEGER,UNSIGNED,ConfigBits,377,376
--
-- switch matrix multiplexer  J_l_EF_BEG1 		MUX-4
J_l_EF_BEG1_input 	 , JE2END3 , S4END2 , E2END2 , N4END2 
J_l_EF_BEG1	, J_l_EF_BEG1_input,TO_INTEGER,UNSIGNED,ConfigBits,379,378
--
-- switch matrix multiplexer  J_l_EF_BEG2 		MUX-4
J_l_EF_BEG2_input 	 , JS2END3 , W2END4 , S4END1 , N4END1 
J_l_EF_BEG2	, J_l_EF_BEG2_input,TO_INTEGER,UNSIGNED,ConfigBits,381,380
--
-- switch matrix multiplexer  J_l_EF_BEG3 		MUX-4
J_l_EF_BEG3_input 	 , JW2END3 , W2END0 , S4END0 , E6END0 
J_l_EF_BEG3	, J_l_EF_BEG3_input,TO_INTEGER,UNSIGNED,ConfigBits,383,382
--
-- switch matrix multiplexer  J_l_GH_BEG0 		MUX-4
J_l_GH_BEG0_input 	 , JN2END4 , S4END3 , E2END3 , N4END3 
J_l_GH_BEG0	, J_l_GH_BEG0_input,TO_INTEGER,UNSIGNED,ConfigBits,385,384
--
-- switch matrix multiplexer  J_l_GH_BEG1 		MUX-4
J_l_GH_BEG1_input 	 , JE2END4 , W2END2 , S4END2 , N4END2 
J_l_GH_BEG1	, J_l_GH_BEG1_input,TO_INTEGER,UNSIGNED,ConfigBits,387,386
--
-- switch matrix multiplexer  J_l_GH_BEG2 		MUX-4
J_l_GH_BEG2_input 	 , JS2END4 , W2END4 , S4END1 , E6END1 
J_l_GH_BEG2	, J_l_GH_BEG2_input,TO_INTEGER,UNSIGNED,ConfigBits,389,388
--
-- switch matrix multiplexer  J_l_GH_BEG3 		MUX-4
J_l_GH_BEG3_input 	 , JW2END4 , W2END0 , E6END0 , N4END0 
J_l_GH_BEG3	, J_l_GH_BEG3_input,TO_INTEGER,UNSIGNED,ConfigBits,391,390
